filename,file_size,file_attributes,region_count,region_id,shape_name,x,y,width,height,object_type,language
flag_1.png,2714858,{},1,0,"rect",288,278,1690,707,"flag","english"
flag_2.png,1259434,{},1,0,"rect",144,360,1032,573,"flag","english"
flag_3.png,1111362,{},1,0,"rect",159,367,990,570,"flag","english"
flag_4.png,403726,{},1,0,"rect",330,224,399,214,"flag","english"
flag_5.png,948624,{},2,0,"rect",45,181,278,185,"flag","english"
flag_5.png,948624,{},2,1,"rect",382,192,292,290,"flag","english"
flag_6.png,141555,{},2,0,"rect",55,64,219,204,"flag","english"
flag_6.png,141555,{},2,1,"rect",348,49,179,218,"flag","english"
flag_7.png,49683943,{},11,0,"rect",3480,1214,2470,1621,"flag","english"
flag_7.png,49683943,{},11,1,"rect",2258,2164,1282,781,"flag","english"
flag_7.png,49683943,{},11,2,"rect",3276,2996,993,670,"flag","english"
flag_7.png,49683943,{},11,3,"rect",5916,2894,620,543,"flag","english"
flag_7.png,49683943,{},11,4,"rect",1341,1774,993,755,"flag","english"
flag_7.png,49683943,{},11,5,"rect",2207,1341,1214,662,"flag","english"
flag_7.png,49683943,{},11,6,"rect",3616,390,985,552,"flag","english"
flag_7.png,49683943,{},11,7,"rect",1010,577,738,577,"flag","english"
flag_7.png,49683943,{},11,8,"rect",1553,178,781,543,"flag","english"
flag_7.png,49683943,{},11,9,"rect",204,2368,1256,874,"flag","english"
flag_7.png,49683943,{},11,10,"rect",5551,475,1018,679,"flag","english"
flag_8.png,566822,{},1,0,"rect",140,100,933,501,"flag","english"a
flag_9.png,398216,{},1,0,"rect",258,128,265,327,"flag","english"
flag_10.png,7866855,{},2,0,"rect",1246,665,731,648,"flag","english"
flag_10.png,7866855,{},2,1,"rect",58,1321,291,316,"flag","english"
flag_11.png,1074838,{},1,0,"rect",289,489,609,183,"flag","english"
flag_12.png,276205,{},1,0,"rect",145,154,484,330,"flag","english"
flag_13.png,458600,{},1,0,"rect",82,173,642,281,"flag","english"
flag_14.png,1196639,{},1,0,"rect",269,235,1166,655,"flag","english"
flag_15.png,197350,{},1,0,"rect",12,141,558,277,"flag","english"
flag_16.png,1058805,{},1,0,"rect",240,156,805,436,"flag","english"
flag_17.png,1580773,{},1,0,"rect",550,39,446,300,"flag","english"
flag_18.png,2007312,{},1,0,"rect",33,84,1622,963,"flag","english"
flag_19.png,790416,{},1,0,"rect",217,72,986,690,"flag","english"
flag_20.png,233529,{},1,0,"rect",33,55,333,420,"flag","english"
flag_21.png,210347,{},1,0,"rect",140,16,517,271,"flag","english"
flag_22.png,1362428,{},1,0,"rect",207,77,1286,696,"flag","english"
flag_23.png,128647,{},1,0,"rect",178,59,322,286,"flag","english"
flag_24.png,103929,{},1,0,"rect",223,59,326,313,"flag","english"
flag_25.png,137868,{},1,0,"rect",99,60,392,312,"flag","english"
flag_26.png,78903,{},1,0,"rect",371,94,248,161,"flag","english"
flag_27.png,733197,{},1,0,"rect",360,138,650,571,"flag","english"
flag_28.png,235854,{},2,0,"rect",467,169,467,419,"flag","english"
flag_28.png,235854,{},2,1,"rect",99,358,236,213,"flag","english"
flag_29.png,167577,{},1,0,"rect",122,89,420,317,"flag","english"
flag_30.png,179278,{},1,0,"rect",107,60,464,254,"flag","english"
flag_31.png,336206,{},1,0,"rect",181,114,444,314,"flag","english"
flag_32.png,2250769,{},1,0,"rect",349,343,1138,528,"flag","english"
flag_33.png,86386,{},1,0,"rect",91,21,250,244,"flag","english"
flag_34.png,39913,{},1,0,"rect",44,29,206,110,"flag","english"
flag_35.png,47577,{},1,0,"rect",80,54,150,97,"flag","english"
flag_36.png,253116,{},1,0,"rect",139,148,485,335,"flag","english"
flag_37.png,502044,{},1,0,"rect",382,83,809,386,"flag","english"
flag_38.png,254592,{},1,0,"rect",175,65,535,387,"flag","english"
flag_39.png,661001,{},1,0,"rect",281,285,1130,631,"flag","english"
flag_40.png,655840,{},1,0,"rect",183,128,1145,664,"flag","english"
flag_41.png,6544429,{},1,0,"rect",1098,859,3301,2174,"flag","english"
flag_42.png,368095,{},1,0,"rect",119,164,903,498,"flag","english"
flag_43.png,919780,{},1,0,"rect",17,92,1223,706,"flag","english"
flag_44.png,402582,{},1,0,"rect",280,105,697,465,"flag","english"
flag_45.png,550975,{},1,0,"rect",172,70,634,466,"flag","english"
flag_46.png,1129773,{},1,0,"rect",176,199,316,226,"flag","english"
flag_47.png,646434,{},1,0,"rect",179,118,754,522,"flag","english"
flag_48.png,1195686,{},1,0,"rect",223,177,623,383,"flag","english"
flag_49.png,1119330,{},1,0,"rect",235,8,775,375,"flag","english"
flag_50.png,1243810,{},1,0,"rect",850,258,162,188,"flag","english"
flag_51.png,1077534,{},1,0,"rect",486,86,664,486,"flag","swedish"
flag_52.png,1476429,{},2,0,"rect",42,458,173,195,"flag","english"
flag_52.png,1476429,{},2,1,"rect",145,2,630,253,"flag","english"
flag_53.png,630668,{},1,0,"rect",227,367,232,151,"flag","english"
flag_54.png,669105,{},1,0,"rect",42,89,934,404,"flag","spanish"
flag_55.png,949553,{},1,0,"rect",130,144,825,438,"flag","english"
flag_56.png,672143,{},2,0,"rect",15,207,439,233,"flag","english"
flag_56.png,672143,{},2,1,"rect",616,381,274,190,"flag","notapplicable"
flag_57.png,1037294,{},3,0,"rect",175,148,229,304,"flag","swedish"
flag_57.png,1037294,{},3,1,"rect",441,190,191,209,"flag","english"
flag_57.png,1037294,{},3,2,"rect",657,430,195,157,"flag","notapplicable"
flag_58.png,665187,{},1,0,"rect",137,60,499,721,"flag","spanish"
flag_59.png,620128,{},1,0,"rect",294,195,341,330,"flag","spanish"
flag_60.png,131370,{},1,0,"rect",68,40,339,194,"flag","swedish"
flag_61.png,1410047,{},2,0,"rect",4,10,542,321,"flag","english"
flag_61.png,1410047,{},2,1,"rect",325,340,272,161,"flag","notapplicable"
flag_62.png,1336962,{},2,0,"rect",556,35,447,393,"flag","spanish"
flag_62.png,1336962,{},2,1,"rect",134,153,106,100,"flag","spanish"
flag_63.png,1040686,{},1,0,"rect",249,132,423,231,"flag","english"
flag_64.png,1129627,{},1,0,"rect",510,53,158,129,"flag","spanish"
flag_65.png,961790,{},1,0,"rect",335,162,359,310,"flag","spanish"
flag_66.png,435994,{},1,0,"rect",10,79,943,623,"flag","swedish"
flag_67.png,215780,{},2,0,"rect",104,104,184,250,"flag","swedish"
flag_67.png,215780,{},2,1,"rect",290,178,158,167,"flag","notapplicable"
flag_68.png,1411814,{},1,0,"rect",24,3,709,395,"flag","english"
flag_69.png,450903,{},1,0,"rect",77,42,621,424,"flag","swedish"
flag_70.png,906308,{},1,0,"rect",238,186,649,382,"flag","spanish"
flag_71.png,361575,{},1,0,"rect",30,60,553,285,"flag","swedish"
flag_72.png,837301,{},1,0,"rect",361,108,140,110,"flag","french"
flag_73.png,640937,{},1,0,"rect",439,133,527,299,"flag","english"
flag_74.png,1248050,{},12,0,"rect",93,294,109,106,"flag","notapplicable"
flag_74.png,1248050,{},12,1,"rect",173,274,102,77,"flag","notapplicable"
flag_74.png,1248050,{},12,2,"rect",316,250,121,129,"flag","notapplicable"
flag_74.png,1248050,{},12,3,"rect",279,351,62,62,"flag","notapplicable"
flag_74.png,1248050,{},12,4,"rect",498,250,104,89,"flag","notapplicable"
flag_74.png,1248050,{},12,5,"rect",609,251,98,107,"flag","notapplicable"
flag_74.png,1248050,{},12,6,"rect",522,344,63,66,"flag","notapplicable"
flag_74.png,1248050,{},12,7,"rect",183,361,75,76,"flag","notapplicable"
flag_74.png,1248050,{},12,8,"rect",277,77,105,89,"flag","english"
flag_74.png,1248050,{},12,9,"rect",389,137,74,50,"flag","english"
flag_74.png,1248050,{},12,10,"rect",490,111,88,59,"flag","english"
flag_74.png,1248050,{},12,11,"rect",395,63,87,71,"flag","english"
flag_75.png,1671727,{},1,0,"rect",362,65,321,460,"flag","english"
flag_76.png,902231,{},1,0,"rect",67,3,920,548,"flag","english"
flag_77.png,1053451,{},1,0,"rect",9,6,395,442,"flag","english"
flag_78.png,761149,{},1,0,"rect",87,92,840,462,"flag","swedish"
flag_79.png,685708,{},1,0,"rect",166,213,852,376,"flag","french"
flag_80.png,778436,{},1,0,"rect",237,29,691,491,"flag","french"
flag_81.png,1126474,{},1,0,"rect",160,140,561,307,"flag","french"
flag_82.png,489712,{},1,0,"rect",290,4,623,509,"flag","spanish"
flag_83.png,631874,{},1,0,"rect",152,90,791,431,"flag","english"
flag_84.png,563317,{},1,0,"rect",176,100,627,423,"flag","spanish"
flag_85.png,957753,{},2,0,"rect",61,236,273,203,"flag","english"
flag_85.png,957753,{},2,1,"rect",782,229,237,196,"flag","notapplicable"
flag_86.png,1087642,{},1,0,"rect",112,139,801,447,"flag","english"
flag_87.png,604769,{},1,0,"rect",177,158,405,360,"flag","english"
flag_88.png,563276,{},4,0,"rect",3,3,192,147,"flag","spanish"
flag_88.png,563276,{},4,1,"rect",495,1,242,151,"flag","spanish"
flag_88.png,563276,{},4,2,"rect",776,4,245,148,"flag","english"
flag_88.png,563276,{},4,3,"rect",228,1,228,150,"flag","notapplicable"
flag_89.png,1228817,{},1,0,"rect",160,115,576,462,"flag","english"
flag_90.png,710019,{},1,0,"rect",155,106,343,566,"flag","english"
flag_91.png,1368427,{},1,0,"rect",507,238,260,410,"flag","english"
flag_92.png,1129773,{},1,0,"rect",167,188,322,234,"flag","english"
flag_93.png,646434,{},1,0,"rect",187,126,725,484,"flag","english"
flag_94.png,1195686,{},1,0,"rect",224,181,613,373,"flag","english"
flag_95.png,1119330,{},1,0,"rect",252,5,739,360,"flag","english"
flag_96.png,1051893,{},2,0,"rect",944,155,76,274,"flag","english"
flag_96.png,1051893,{},2,1,"rect",381,240,25,31,"flag","english"
flag_97.png,1243810,{},1,0,"rect",846,265,178,166,"flag","english"
flag_98.png,1077534,{},1,0,"rect",491,96,662,479,"flag","swedish"
flag_99.png,1476429,{},2,0,"rect",116,2,659,267,"flag","english"
flag_99.png,1476429,{},2,1,"rect",53,482,158,169,"flag","english"
flag_100.png,630668,{},1,0,"rect",234,366,223,139,"flag","english"
flag_101.png,669105,{},1,0,"rect",49,127,907,349,"flag","spanish"
flag_102.png,766303,{},1,0,"rect",0,0,518,682,"flag","english"
flag_103.png,1147552,{},1,0,"rect",118,33,485,303,"flag","english"
flag_104.png,149907,{},1,0,"rect",140,88,278,235,"flag","swedish"
flag_105.png,272104,{},1,0,"rect",33,9,669,335,"flag","swedish"
flag_106.png,4345,{},1,0,"rect",2,4,1194,745,"flag","swedish"
flag_107.png,4228071,{},1,0,"rect",2125,571,1624,1245,"flag","swedish"
flag_108.png,251572,{},2,0,"rect",43,69,230,179,"flag","russian"
flag_108.png,251572,{},2,1,"rect",242,200,174,151,"flag","swedish"
flag_109.png,2068299,{},2,0,"rect",46,43,575,451,"flag","swedish"
flag_109.png,2068299,{},2,1,"rect",647,161,484,400,"flag","french"
flag_110.png,52389,{},1,0,"rect",44,39,118,93,"flag","swedish"
flag_111.png,65030,{},1,0,"rect",63,44,77,58,"flag","swedish"
flag_112.png,62734,{},1,0,"rect",63,11,207,140,"flag","swedish"
flag_113.png,316663,{},1,0,"rect",369,194,322,392,"flag","swedish"
flag_114.png,664448,{},1,0,"rect",641,93,275,414,"flag","swedish"
flag_115.png,1036926,{},2,0,"rect",277,35,454,311,"flag","russian"
flag_115.png,1036926,{},2,1,"rect",357,420,412,238,"flag","swedish"
flag_116.png,1037623,{},1,0,"rect",127,5,1164,784,"flag","spanish"
flag_117.png,369832,{},1,0,"rect",139,75,540,411,"flag","spanish"
flag_118.png,1351680,{},1,0,"rect",529,113,327,206,"flag","swedish"
flag_119.png,769555,{},1,0,"rect",191,641,393,553,"flag","swedish"
flag_120.png,209650,{},1,0,"rect",190,29,421,304,"flag","swedish"
flag_121.png,346056,{},1,0,"rect",118,44,461,352,"flag","swedish"
flag_122.png,1245992,{},8,0,"rect",77,93,300,316,"flag","swedish"
flag_122.png,1245992,{},8,1,"rect",393,12,259,405,"flag","notapplicable"
flag_122.png,1245992,{},8,2,"rect",817,31,300,342,"flag","swedish"
flag_122.png,1245992,{},8,3,"rect",1135,60,284,375,"flag","notapplicable"
flag_122.png,1245992,{},8,4,"rect",829,581,244,306,"flag","swedish"
flag_122.png,1245992,{},8,5,"rect",94,576,262,302,"flag","swedish"
flag_122.png,1245992,{},8,6,"rect",372,577,224,334,"flag","notapplicable"
flag_122.png,1245992,{},8,7,"rect",1128,561,238,372,"flag","notapplicable"
flag_123.png,81727,{},2,0,"rect",138,44,78,105,"flag","swedish"
flag_123.png,81727,{},2,1,"rect",22,21,106,104,"flag","russian"
flag_124.png,56818,{},1,0,"rect",40,14,199,164,"flag","spanish"
flag_125.png,56510,{},2,0,"rect",36,65,82,86,"flag","spanish"
flag_125.png,56510,{},2,1,"rect",137,47,86,95,"flag","notapplicable"
flag_126.png,23170,{},1,0,"rect",23,88,103,74,"flag","swedish"
flag_127.png,1208738,{},4,0,"rect",484,419,106,250,"flag","english"
flag_127.png,1208738,{},4,1,"rect",596,401,91,247,"flag","english"
flag_127.png,1208738,{},4,2,"rect",721,331,106,291,"flag","english"
flag_127.png,1208738,{},4,3,"rect",877,230,117,357,"flag","english"
flag_128.png,581921,{},6,0,"rect",25,79,340,178,"flag","english"
flag_128.png,581921,{},6,1,"rect",35,351,334,198,"flag","notapplicable"
flag_128.png,581921,{},6,2,"rect",399,339,333,239,"flag","notapplicable"
flag_128.png,581921,{},6,3,"rect",407,46,326,223,"flag","notapplicable"
flag_128.png,581921,{},6,4,"rect",760,34,347,259,"flag","notapplicable"
flag_128.png,581921,{},6,5,"rect",776,357,288,230,"flag","notapplicable"
flag_129.png,410800,{},1,0,"rect",434,168,790,545,"flag","english"
flag_130.png,1987140,{},2,0,"rect",50,261,934,651,"flag","english"
flag_130.png,1987140,{},2,1,"rect",1062,126,932,636,"flag","english"
flag_131.png,528499,{},2,0,"rect",503,75,537,371,"flag","english"
flag_131.png,528499,{},2,1,"rect",45,332,462,342,"flag","notapplicable"
flag_132.png,719049,{},1,0,"rect",306,98,670,515,"flag","english"
flag_133.png,215224,{},1,0,"rect",54,32,233,189,"flag","english"
flag_134.png,82739,{},1,0,"rect",79,47,91,142,"flag","english"
flag_135.png,58763,{},3,0,"rect",30,18,47,41,"flag","english"
flag_135.png,58763,{},3,1,"rect",137,25,36,37,"flag","notapplicable"
flag_135.png,58763,{},3,2,"rect",183,11,34,50,"flag","notapplicable"
flag_136.png,330899,{},1,0,"rect",302,146,550,432,"flag","english"
flag_137.png,356744,{},1,0,"rect",51,47,205,137,"flag","english"
flag_138.png,57961,{},1,0,"rect",96,66,100,66,"flag","english"
flag_139.png,4942,{},1,0,"rect",88,45,87,90,"flag","english"
flag_140.png,221802,{},1,0,"rect",490,153,349,269,"flag","english"
flag_141.png,703284,{},1,0,"rect",379,170,668,594,"flag","english"
flag_142.png,601336,{},1,0,"rect",334,195,762,407,"flag","english"
flag_143.png,428691,{},1,0,"rect",412,177,597,330,"flag","english"
flag_144.png,349260,{},2,0,"rect",151,71,188,167,"flag","english"
flag_144.png,349260,{},2,1,"rect",360,132,217,171,"flag","english"
flag_145.png,489801,{},1,0,"rect",104,116,599,332,"flag","english"
flag_146.png,1473062,{},2,0,"rect",87,193,860,765,"flag","english"
flag_146.png,1473062,{},2,1,"rect",1095,265,898,566,"flag","english"
flag_147.png,417583,{},1,0,"rect",483,284,123,178,"flag","english"
flag_148.png,540757,{},1,0,"rect",237,61,508,382,"flag","english"
flag_149.png,420687,{},5,0,"rect",73,328,194,138,"flag","english"
flag_149.png,420687,{},5,1,"rect",218,250,208,152,"flag","english"
flag_149.png,420687,{},5,2,"rect",378,177,197,176,"flag","english"
flag_149.png,420687,{},5,3,"rect",506,99,232,164,"flag","english"
flag_149.png,420687,{},5,4,"rect",693,19,258,167,"flag","english"
flag_150.png,441589,{},2,0,"rect",532,33,406,288,"flag","english"
flag_150.png,441589,{},2,1,"rect",100,272,395,322,"flag","notapplicable"
flag_151.png,478338,{},1,0,"rect",136,50,770,421,"flag","notapplicable"
flag_152.png,1987140,{},2,0,"rect",37,228,966,666,"flag","english"
flag_152.png,1987140,{},2,1,"rect",1073,178,920,570,"flag","english"
flag_153.png,401471,{},1,0,"rect",151,166,593,355,"flag","english"
flag_154.png,303938,{},1,0,"rect",338,159,499,342,"flag","english"
flag_155.png,27851,{},1,0,"rect",99,58,107,71,"flag","english"
flag_156.png,1473062,{},2,0,"rect",78,225,862,726,"flag","english"
flag_156.png,1473062,{},2,1,"rect",1129,286,856,532,"flag","english"
flag_157.png,55352,{},1,0,"rect",40,17,213,125,"flag","english"
flag_158.png,397751,{},2,0,"rect",78,222,433,195,"flag","english"
flag_158.png,397751,{},2,1,"rect",478,22,99,173,"flag","english"
flag_159.png,120722,{},1,0,"rect",6,37,346,195,"flag","english"
flag_160.png,399822,{},1,0,"rect",53,102,176,146,"flag","english"
flag_161.png,49895,{},1,0,"rect",91,46,220,205,"flag","english"
flag_162.png,245075,{},3,0,"rect",34,40,278,160,"flag","english"
flag_162.png,245075,{},3,1,"rect",253,160,230,130,"flag","notapplicable"
flag_162.png,245075,{},3,2,"rect",455,255,213,138,"flag","notapplicable"
flag_163.png,360573,{},7,0,"rect",8,39,80,160,"flag","english"
flag_163.png,360573,{},7,1,"rect",96,117,59,120,"flag","english"
flag_163.png,360573,{},7,2,"rect",181,176,36,96,"flag","english"
flag_163.png,360573,{},7,3,"rect",558,98,39,142,"flag","english"
flag_163.png,360573,{},7,4,"rect",504,146,57,124,"flag","english"
flag_163.png,360573,{},7,5,"rect",469,195,35,77,"flag","english"
flag_163.png,360573,{},7,6,"rect",272,249,19,50,"flag","english"
flag_164.png,299069,{},1,0,"rect",144,98,705,411,"flag","english"
flag_165.png,518237,{},1,0,"rect",120,126,947,508,"flag","english"
flag_166.png,204331,{},1,0,"rect",305,98,155,118,"flag","english"
flag_167.png,3859031,{},1,0,"rect",675,588,631,488,"flag","english"
flag_168.png,543401,{},1,0,"rect",130,228,803,499,"flag","english"
flag_169.png,331651,{},2,0,"rect",424,100,346,294,"flag","english"
flag_169.png,331651,{},2,1,"rect",16,120,367,250,"flag","notapplicable"
flag_170.png,356401,{},2,0,"rect",424,100,337,303,"flag","english"
flag_170.png,356401,{},2,1,"rect",4,108,387,260,"flag","notapplicable"
flag_171.png,463229,{},2,0,"rect",138,31,403,309,"flag","english"
flag_171.png,463229,{},2,1,"rect",715,129,365,294,"flag","notapplicable"
flag_172.png,2686144,{},4,0,"rect",309,243,1183,574,"flag","english"
flag_172.png,2686144,{},4,1,"rect",698,676,945,746,"flag","english"
flag_172.png,2686144,{},4,2,"rect",676,1179,1117,455,"flag","english"
flag_172.png,2686144,{},4,3,"rect",693,1652,1170,574,"flag","english"
flag_173.png,828611,{},1,0,"rect",287,102,608,650,"flag","english"
flag_174.png,2493943,{},1,0,"rect",1421,166,1109,1016,"flag","english"
flag_175.png,600104,{},1,0,"rect",207,66,672,592,"flag","spanish"
flag_176.png,1205484,{},1,0,"rect",300,230,528,405,"flag","spanish"
flag_177.png,104269,{},1,0,"rect",154,61,316,251,"flag","spanish"
flag_178.png,120514,{},1,0,"rect",126,36,343,213,"flag","spanish"
flag_179.png,227488,{},1,0,"rect",60,40,363,284,"flag","spanish"
flag_180.png,2900704,{},1,0,"rect",526,254,1072,643,"flag","spanish"
flag_181.png,202274,{},1,0,"rect",248,109,263,219,"flag","spanish"
flag_182.png,1333206,{},1,0,"rect",337,182,1226,774,"flag","spanish"
flag_183.png,813783,{},1,0,"rect",225,225,589,323,"flag","spanish"
flag_184.png,644544,{},1,0,"rect",35,113,746,537,"flag","spanish"
flag_185.png,90110,{},3,0,"rect",114,30,384,275,"flag","spanish"
flag_185.png,90110,{},3,1,"rect",62,331,216,188,"flag","spanish"
flag_185.png,90110,{},3,2,"rect",341,334,209,189,"flag","spanish"
flag_186.png,28494,{},1,0,"rect",75,19,123,121,"flag","spanish"
flag_187.png,59615,{},1,0,"rect",43,5,235,148,"flag","spanish"
flag_188.png,1052771,{},1,0,"rect",351,110,214,268,"flag","spanish"
flag_189.png,449535,{},1,0,"rect",276,172,814,556,"flag","spanish"
flag_190.png,1727328,{},1,0,"rect",668,199,927,1005,"flag","spanish"
flag_191.png,2248162,{},2,0,"rect",65,634,1514,734,"flag","spanish"
flag_191.png,2248162,{},2,1,"rect",1567,174,983,772,"flag","spanish"
flag_192.png,494245,{},1,0,"rect",123,123,611,472,"flag","spanish"
flag_193.png,138390,{},1,0,"rect",368,130,377,279,"flag","spanish"
flag_194.png,238536,{},1,0,"rect",65,71,304,374,"flag","spanish"
flag_195.png,157291,{},1,0,"rect",49,75,502,310,"flag","spanish"
flag_196.png,66811,{},1,0,"rect",71,10,195,152,"flag","spanish"
flag_197.png,1155147,{},1,0,"rect",473,250,1107,861,"flag","spanish"
flag_198.png,503772,{},1,0,"rect",607,60,329,285,"flag","spanish"
flag_199.png,50709,{},1,0,"rect",38,31,129,120,"flag","spanish"
flag_200.png,297013,{},1,0,"rect",302,85,93,114,"flag","spanish"
flag_201.png,407742,{},1,0,"rect",223,69,584,492,"flag","spanish"
flag_202.png,1223248,{},1,0,"rect",230,180,789,522,"flag","spanish"
flag_203.png,26013,{},1,0,"rect",55,16,127,107,"flag","spanish"
flag_204.png,54393,{},1,0,"rect",30,11,217,124,"flag","spanish"
flag_205.png,39977,{},1,0,"rect",84,5,166,139,"flag","spanish"
flag_206.png,215977,{},1,0,"rect",108,22,384,230,"flag","spanish"
flag_207.png,140058,{},1,0,"rect",372,131,374,277,"flag","spanish"
flag_208.png,152789,{},1,0,"rect",19,63,540,312,"flag","spanish"
flag_209.png,69138,{},1,0,"rect",145,28,93,119,"flag","spanish"
flag_210.png,578129,{},4,0,"rect",275,44,220,149,"flag","english"
flag_210.png,578129,{},4,1,"rect",319,318,85,78,"flag","spanish"
flag_210.png,578129,{},4,2,"rect",307,214,69,53,"flag","english"
flag_210.png,578129,{},4,3,"rect",432,256,66,107,"flag","spanish"
flag_211.png,1397325,{},2,0,"rect",653,84,438,306,"flag","spanish"
flag_211.png,1397325,{},2,1,"rect",224,566,236,185,"flag","swedish"
flag_212.png,358456,{},1,0,"rect",142,48,493,291,"flag","french"
flag_213.png,335608,{},7,0,"rect",386,6,109,39,"flag","english"
flag_213.png,335608,{},7,1,"rect",410,58,89,52,"flag","english"
flag_213.png,335608,{},7,2,"rect",342,85,76,44,"flag","notapplicable"
flag_213.png,335608,{},7,3,"rect",135,121,44,39,"flag","spanish"
flag_213.png,335608,{},7,4,"rect",313,146,58,34,"flag","spanish"
flag_213.png,335608,{},7,5,"rect",180,209,38,34,"flag","notapplicable"
flag_213.png,335608,{},7,6,"rect",262,160,51,35,"flag","spanish"
flag_214.png,410632,{},2,0,"rect",201,147,88,82,"flag","spanish"
flag_214.png,410632,{},2,1,"rect",281,52,133,64,"flag","spanish"
flag_215.png,331351,{},1,0,"rect",113,55,740,448,"flag","french"
flag_216.png,1021474,{},2,0,"rect",310,196,141,138,"flag","english"
flag_216.png,1021474,{},2,1,"rect",74,325,94,82,"flag","french"
flag_217.png,4207349,{},1,0,"rect",475,292,1607,966,"flag","spanish"
flag_218.png,250045,{},1,0,"rect",3,1,481,354,"flag","spanish"
flag_219.png,112937,{},1,0,"rect",163,86,345,162,"flag","spanish"
flag_220.png,181330,{},1,0,"rect",113,67,403,256,"flag","spanish"
flag_221.png,160152,{},6,0,"rect",163,297,38,28,"flag","spanish"
flag_221.png,160152,{},6,1,"rect",211,256,37,41,"flag","notapplicable"
flag_221.png,160152,{},6,2,"rect",271,208,45,47,"flag","notapplicable"
flag_221.png,160152,{},6,3,"rect",371,141,59,68,"flag","notapplicable"
flag_221.png,160152,{},6,4,"rect",519,17,86,81,"flag","notapplicable"
flag_221.png,160152,{},6,5,"rect",437,94,74,60,"flag","swedish"
flag_222.png,1827995,{},1,0,"rect",274,333,1605,1158,"flag","spanish"
flag_223.png,58468,{},1,0,"rect",90,28,141,106,"flag","spanish"
flag_224.png,170043,{},7,0,"rect",58,37,64,68,"flag","notapplicable"
flag_224.png,170043,{},7,1,"rect",324,124,42,53,"flag","spanish"
flag_224.png,170043,{},7,2,"rect",270,113,39,50,"flag","english"
flag_224.png,170043,{},7,3,"rect",374,143,33,55,"flag","notapplicable"
flag_224.png,170043,{},7,4,"rect",412,154,43,52,"flag","notapplicable"
flag_224.png,170043,{},7,5,"rect",461,172,29,42,"flag","notapplicable"
flag_224.png,170043,{},7,6,"rect",498,182,30,41,"flag","notapplicable"
flag_225.png,73044,{},1,0,"rect",131,109,363,246,"flag","spanish"
flag_226.png,803981,{},1,0,"rect",355,81,557,275,"flag","spanish"
flag_227.png,3428454,{},1,0,"rect",477,167,677,669,"flag","spanish"
flag_228.png,460715,{},1,0,"rect",341,132,518,383,"flag","spanish"
flag_229.png,68650,{},1,0,"rect",12,18,237,159,"flag","spanish"
flag_230.png,63943,{},1,0,"rect",8,5,281,166,"flag","spanish"
flag_231.png,71729,{},1,0,"rect",21,47,179,140,"flag","spanish"
flag_232.png,139551,{},4,0,"rect",47,24,96,95,"flag","swedish"
flag_232.png,139551,{},4,1,"rect",68,113,69,56,"flag","swedish"
flag_232.png,139551,{},4,2,"rect",78,162,62,56,"flag","swedish"
flag_232.png,139551,{},4,3,"rect",89,209,46,47,"flag","swedish"
flag_233.png,1486916,{},1,0,"rect",91,81,783,560,"flag","swedish"
flag_234.png,344488,{},1,0,"rect",113,159,631,340,"flag","french"
flag_235.png,129829,{},2,0,"rect",363,159,177,255,"flag","swedish"
flag_235.png,129829,{},2,1,"rect",118,165,222,261,"flag","notapplicable"
flag_236.png,325506,{},1,0,"rect",187,234,669,395,"flag","french"
flag_237.png,246258,{},2,0,"rect",48,129,430,394,"flag","french"
flag_237.png,246258,{},2,1,"rect",360,30,327,262,"flag","french"
flag_238.png,1245108,{},1,0,"rect",134,148,686,641,"flag","french"
flag_239.png,50930,{},1,0,"rect",44,29,215,159,"flag","swedish"
flag_240.png,270504,{},1,0,"rect",121,233,600,418,"flag","french"
flag_241.png,98979,{},1,0,"rect",173,64,312,234,"flag","french"
flag_242.png,56959,{},2,0,"rect",19,66,105,80,"flag","swedish"
flag_242.png,56959,{},2,1,"rect",124,127,84,66,"flag","notapplicable"
flag_243.png,346631,{},1,0,"rect",195,54,92,62,"flag","swedish"
flag_244.png,240328,{},1,0,"rect",175,52,349,201,"flag","french"
flag_245.png,58769,{},2,0,"rect",421,119,168,137,"flag","french"
flag_245.png,58769,{},2,1,"rect",179,113,162,155,"flag","notapplicable"
flag_246.png,272068,{},1,0,"rect",380,187,475,388,"flag","swedish"
flag_247.png,524461,{},3,0,"rect",135,21,316,293,"flag","swedish"
flag_247.png,524461,{},3,1,"rect",508,186,359,275,"flag","swedish"
flag_247.png,524461,{},3,2,"rect",830,357,334,213,"flag","swedish"
flag_248.png,412013,{},9,0,"rect",200,3,262,148,"flag","swedish"
flag_248.png,412013,{},9,1,"rect",425,155,208,136,"flag","swedish"
flag_248.png,412013,{},9,2,"rect",569,278,158,88,"flag","swedish"
flag_248.png,412013,{},9,3,"rect",549,410,106,70,"flag","swedish"
flag_248.png,412013,{},9,4,"rect",432,344,136,111,"flag","swedish"
flag_248.png,412013,{},9,5,"rect",302,293,135,115,"flag","swedish"
flag_248.png,412013,{},9,6,"rect",124,212,178,126,"flag","swedish"
flag_248.png,412013,{},9,7,"rect",213,381,139,99,"flag","swedish"
flag_248.png,412013,{},9,8,"rect",64,326,137,111,"flag","swedish"
flag_249.png,3759706,{},5,0,"rect",259,473,666,722,"flag","swedish"
flag_249.png,3759706,{},5,1,"rect",1293,360,581,727,"flag","swedish"
flag_249.png,3759706,{},5,2,"rect",1992,118,561,679,"flag","swedish"
flag_249.png,3759706,{},5,3,"rect",1423,996,561,435,"flag","swedish"
flag_249.png,3759706,{},5,4,"rect",634,1172,500,269,"flag","swedish"
flag_250.png,333799,{},1,0,"rect",329,147,571,374,"flag","french"
flag_251.png,183795,{},1,0,"rect",99,44,146,279,"flag","french"
flag_252.png,240507,{},1,0,"rect",194,45,322,321,"flag","french"
flag_253.png,286422,{},1,0,"rect",157,100,360,404,"flag","french"
flag_254.png,169263,{},1,0,"rect",133,196,564,334,"flag","french"
flag_255.png,573392,{},1,0,"rect",58,143,482,290,"flag","french"
flag_256.png,598005,{},2,0,"rect",109,291,553,322,"flag","french"
flag_256.png,598005,{},2,1,"rect",766,271,525,328,"flag","french"
flag_257.png,236880,{},1,0,"rect",709,120,493,354,"flag","french"
flag_258.png,1970499,{},1,0,"rect",76,568,836,531,"flag","french"
flag_259.png,169675,{},2,0,"rect",38,59,277,216,"flag","french"
flag_259.png,169675,{},2,1,"rect",361,165,248,189,"flag","notapplicable"
flag_260.png,35846,{},1,0,"rect",31,37,128,126,"flag","french"
flag_261.png,187935,{},7,0,"rect",410,19,169,138,"flag","french"
flag_261.png,187935,{},7,1,"rect",437,155,142,49,"flag","french"
flag_261.png,187935,{},7,2,"rect",454,209,99,41,"flag","french"
flag_261.png,187935,{},7,3,"rect",471,247,111,31,"flag","french"
flag_261.png,187935,{},7,4,"rect",483,280,83,22,"flag","french"
flag_261.png,187935,{},7,5,"rect",495,304,72,22,"flag","french"
flag_261.png,187935,{},7,6,"rect",501,328,70,39,"flag","french"
flag_262.png,222219,{},1,0,"rect",85,56,303,268,"flag","swedish"
flag_263.png,258714,{},1,0,"rect",42,91,306,179,"flag","swedish"
flag_264.png,105142,{},1,0,"rect",85,66,273,135,"flag","swedish"
flag_265.png,127238,{},3,0,"rect",107,72,328,228,"flag","french"
flag_265.png,127238,{},3,1,"rect",472,177,246,179,"flag","french"
flag_265.png,127238,{},3,2,"rect",788,270,243,148,"flag","french"
flag_266.png,110650,{},3,0,"rect",299,189,160,135,"flag","french"
flag_266.png,110650,{},3,1,"rect",572,187,181,136,"flag","notapplicable"
flag_266.png,110650,{},3,2,"rect",10,189,174,125,"flag","notapplicable"
flag_267.png,48833,{},2,0,"rect",180,142,150,130,"flag","french"
flag_267.png,48833,{},2,1,"rect",370,142,128,132,"flag","notapplicable"
flag_268.png,1036178,{},1,0,"rect",228,174,642,595,"flag","french"
flag_269.png,83561,{},1,0,"rect",38,16,104,155,"flag","swedish"
flag_270.png,278878,{},1,0,"rect",135,55,434,278,"flag","swedish"
flag_271.png,65403,{},2,0,"rect",47,58,26,41,"flag","swedish"
flag_271.png,65403,{},2,1,"rect",32,76,18,35,"flag","notapplicable"
flag_272.png,488001,{},1,0,"rect",215,236,432,360,"flag","swedish"
flag_273.png,224523,{},2,0,"rect",300,154,88,71,"flag","swedish"
flag_273.png,224523,{},2,1,"rect",341,33,37,37,"flag","swedish"
flag_274.png,146616,{},1,0,"rect",169,267,65,53,"flag","french"
flag_275.png,347896,{},6,0,"rect",5,146,28,88,"flag","french"
flag_275.png,347896,{},6,1,"rect",487,182,29,66,"flag","french"
flag_275.png,347896,{},6,2,"rect",443,192,30,63,"flag","french"
flag_275.png,347896,{},6,3,"rect",137,195,18,60,"flag","french"
flag_275.png,347896,{},6,4,"rect",175,217,15,42,"flag","french"
flag_275.png,347896,{},6,5,"rect",388,231,12,28,"flag","french"
flag_276.png,35128,{},1,0,"rect",72,20,163,148,"flag","french"
flag_277.png,886202,{},1,0,"rect",225,182,375,245,"flag","french"
flag_278.png,93192,{},1,0,"rect",16,47,97,85,"flag","french"
flag_279.png,263134,{},2,0,"rect",21,113,448,355,"flag","french"
flag_279.png,263134,{},2,1,"rect",599,92,373,387,"flag","notapplicable"
flag_280.png,875855,{},1,0,"rect",542,49,792,890,"flag","french"
flag_281.png,379307,{},1,0,"rect",44,57,443,504,"flag","french"
flag_282.png,669181,{},1,0,"rect",422,105,600,475,"flag","russian"
flag_283.png,6164444,{},1,0,"rect",52,390,1317,822,"flag","french"
flag_284.png,845823,{},3,0,"rect",131,96,475,369,"flag","spanish"
flag_284.png,845823,{},3,1,"rect",616,126,215,276,"flag","spanish"
flag_284.png,845823,{},3,2,"rect",689,424,235,236,"flag","spanish"
flag_285.png,1854950,{},1,0,"rect",356,5,469,326,"flag","russian"
flag_286.png,1060738,{},1,0,"rect",574,529,429,424,"flag","french"
flag_287.png,379714,{},1,0,"rect",789,487,323,162,"flag","russian"
flag_288.png,372159,{},1,0,"rect",182,602,244,127,"flag","swedish"
flag_289.png,372159,{},1,0,"rect",177,589,249,137,"flag","swedish"
flag_290.png,291876,{},1,0,"rect",115,120,642,372,"flag","russian"
flag_291.png,2835036,{},1,0,"rect",835,465,972,516,"flag","spanish"
flag_292.png,316655,{},1,0,"rect",45,210,516,427,"flag","russian"
flag_293.png,1199675,{},1,0,"rect",397,389,365,275,"flag","spanish"
flag_294.png,1621503,{},1,0,"rect",378,19,260,283,"flag","french"
flag_295.png,1437761,{},1,0,"rect",362,59,1378,874,"flag","russian"
flag_296.png,259028,{},1,0,"rect",31,65,878,573,"flag","russian"
flag_297.png,2057308,{},1,0,"rect",789,18,629,417,"flag","spanish"
flag_298.png,1078909,{},1,0,"rect",143,188,851,591,"flag","russian"
flag_299.png,9188133,{},1,0,"rect",1620,741,1653,1327,"flag","russian"
flag_300.png,671592,{},2,0,"rect",733,527,160,96,"flag","spanish"
flag_300.png,671592,{},2,1,"rect",287,567,124,67,"flag","notapplicable"
flag_301.png,33001,{},1,0,"rect",89,53,667,525,"flag","russian"
flag_302.png,1364919,{},2,0,"rect",452,288,894,516,"flag","spanish"
flag_302.png,1364919,{},2,1,"rect",68,724,679,299,"flag","spanish"
flag_303.png,2424508,{},1,0,"rect",854,164,852,972,"flag","french"
flag_304.png,1170557,{},1,0,"rect",377,144,1035,1136,"flag","russian"
flag_305.png,13395689,{},1,0,"rect",1212,727,3169,2243,"flag","russian"
flag_306.png,461043,{},1,0,"rect",249,183,875,479,"flag","russian"
flag_307.png,1290828,{},1,0,"rect",10,117,755,518,"flag","french"
flag_308.png,1951745,{},1,0,"rect",648,368,690,436,"flag","russian"
flag_309.png,1016870,{},1,0,"rect",516,266,272,202,"flag","russian"
flag_310.png,1091349,{},1,0,"rect",404,274,511,284,"flag","spanish"
flag_311.png,86895,{},1,0,"rect",91,59,287,202,"flag","russian"
flag_312.png,798621,{},1,0,"rect",3,66,377,327,"flag","french"
flag_313.png,111106,{},1,0,"rect",56,70,107,99,"flag","french"
flag_314.png,250049,{},1,0,"rect",137,40,110,96,"flag","french"
flag_315.png,10594500,{},1,0,"rect",708,141,2724,1600,"flag","russian"
flag_316.png,86723,{},1,0,"rect",247,204,113,68,"flag","russian"
flag_317.png,397894,{},2,0,"rect",72,381,199,111,"flag","swedish"
flag_317.png,397894,{},2,1,"rect",840,369,141,80,"flag","notapplicable"
flag_318.png,68001,{},1,0,"rect",31,16,415,287,"flag","russian"
flag_319.png,1436826,{},1,0,"rect",7,270,354,496,"flag","russian"
flag_320.png,5165194,{},1,0,"rect",1321,3,1601,1443,"flag","french"
flag_321.png,705937,{},1,0,"rect",76,30,694,578,"flag","french"
flag_322.png,619254,{},1,0,"rect",795,394,251,127,"flag","russian"
flag_323.png,208171,{},2,0,"rect",214,102,187,110,"flag","russian"
flag_323.png,208171,{},2,1,"rect",21,122,125,90,"flag","english"
flag_324.png,177230,{},2,0,"rect",139,41,137,85,"flag","russian"
flag_324.png,177230,{},2,1,"rect",327,140,126,108,"flag","russian"
flag_325.png,806177,{},1,0,"rect",168,30,690,420,"flag","spanish"
flag_326.png,810871,{},1,0,"rect",333,153,307,288,"flag","russian"
flag_327.png,524901,{},1,0,"rect",134,176,389,274,"flag","russian"
flag_328.png,400912,{},1,0,"rect",194,124,810,513,"flag","russian"
flag_329.png,1341480,{},1,0,"rect",498,395,1567,825,"flag","russian"
flag_330.png,314255,{},1,0,"rect",218,63,408,305,"flag","russian"
flag_331.png,1515135,{},1,0,"rect",440,64,1284,1035,"flag","russian"
flag_332.png,1408749,{},1,0,"rect",21,278,1567,1009,"flag",""
flag_333.png,387618,{},1,0,"rect",75,231,876,583,"flag","russian"
flag_334.png,696808,{},1,0,"rect",343,54,1835,1059,"flag","russian"
flag_335.png,735573,{},1,0,"rect",263,222,1419,648,"flag","russian"
flag_336.png,157977,{},1,0,"rect",177,82,139,114,"flag","french"
flag_337.png,2547690,{},1,0,"rect",270,267,2550,1070,"flag","russian"
flag_338.png,187397,{},2,0,"rect",327,193,59,33,"flag","russian"
flag_338.png,187397,{},2,1,"rect",131,176,57,33,"flag","swedish"
flag_339.png,86637,{},1,0,"rect",111,64,291,217,"flag","russian"
flag_340.png,145363,{},1,0,"rect",132,65,245,163,"flag","russian"
flag_341.png,187031,{},5,0,"rect",6,11,116,83,"flag","russian"
flag_341.png,187031,{},5,1,"rect",215,17,124,111,"flag","russian"
flag_341.png,187031,{},5,2,"rect",313,101,81,70,"flag","russian"
flag_341.png,187031,{},5,3,"rect",409,113,68,69,"flag","russian"
flag_341.png,187031,{},5,4,"rect",129,100,125,131,"flag","russian"
flag_342.png,156588,{},1,0,"rect",250,3,106,65,"flag","russian"
flag_343.png,608360,{},2,0,"rect",201,130,149,154,"flag","spanish"
flag_343.png,608360,{},2,1,"rect",485,122,158,164,"flag","spanish"
flag_344.png,9597864,{},1,0,"rect",666,1562,1550,1273,"flag","russian"
flag_345.png,18572428,{},1,0,"rect",1084,1880,937,566,"flag","russian"
flag_346.png,16737386,{},1,0,"rect",1556,1615,436,731,"flag","russian"
flag_347.png,9564816,{},1,0,"rect",2144,1613,331,203,"flag","russian"
flag_348.png,11614084,{},1,0,"rect",1436,1291,1308,800,"flag","russian"
flag_349.png,11763753,{},1,0,"rect",1494,1149,796,517,"flag","russian"
flag_350.png,10247670,{},1,0,"rect",950,1105,1118,769,"flag","russian"
flag_351.png,10254423,{},1,0,"rect",1578,1070,1158,760,"flag","russian"
flag_352.png,7239549,{},1,0,"rect",1450,1193,1052,681,"flag","russian"
flag_353.png,9243851,{},1,0,"rect",1214,1043,890,1479,"flag","russian"
flag_354.png,5506874,{},1,0,"rect",2122,1609,720,398,"flag","russian"
flag_355.png,5246655,{},1,0,"rect",1494,1105,787,495,"flag","russian"
flag_356.png,8742579,{},1,0,"rect",1746,1604,915,575,"flag","russian"
flag_357.png,11567552,{},1,0,"rect",1226,2175,678,436,"flag","russian"
flag_358.png,7140362,{},1,0,"rect",1750,1299,910,583,"flag","russian"
flag_359.png,9806383,{},1,0,"rect",1383,893,888,561,"flag","russian"
flag_360.png,8666184,{},1,0,"rect",1490,791,902,579,"flag","russian"
flag_361.png,10600199,{},1,0,"rect",1180,910,1759,990,"flag","russian"
flag_362.png,8561303,{},1,0,"rect",1432,888,1507,1215,"flag","russian"
flag_363.png,10264505,{},1,0,"rect",1892,981,796,491,"flag","russian"
flag_364.png,9221548,{},1,0,"rect",1799,1127,919,725,"flag","russian"
flag_365.png,9492016,{},1,0,"rect",1644,1096,906,765,"flag","russian"
flag_366.png,9136869,{},1,0,"rect",1569,950,955,796,"flag","russian"
flag_367.png,6705385,{},1,0,"rect",1878,1154,827,707,"flag","russian"
flag_368.png,9251088,{},1,0,"rect",1680,1118,835,654,"flag","russian"
flag_369.png,8983263,{},1,0,"rect",1741,1021,910,610,"flag","french"
flag_370.png,9623710,{},1,0,"rect",2303,1140,1065,645,"flag","french"
flag_371.png,8691830,{},1,0,"rect",2114,791,714,514,"flag","french"
flag_372.png,6235806,{},1,0,"rect",2502,747,619,491,"flag","french"
flag_373.png,7271683,{},1,0,"rect",1693,1326,336,243,"flag","french"
flag_374.png,9309747,{},1,0,"rect",1520,1291,1101,570,"flag","french"
flag_375.png,8068752,{},1,0,"rect",893,1242,1114,548,"flag","french"
flag_376.png,8226373,{},1,0,"rect",2104,1145,787,557,"flag","french"
flag_377.png,9229295,{},1,0,"rect",1123,1114,1445,1105,"flag","french"
flag_378.png,8996480,{},1,0,"rect",1379,619,1441,1516,"flag","french"
flag_379.png,12908363,{},1,0,"rect",1158,1167,1821,729,"flag","french"
flag_380.png,9858424,{},1,0,"rect",607,1538,1031,731,"flag","french"
flag_381.png,10458277,{},1,0,"rect",925,1639,849,572,"flag","french"
flag_382.png,6340868,{},1,0,"rect",967,1644,802,542,"flag","french"
flag_383.png,6739390,{},1,0,"rect",908,1780,554,306,"flag","french"
flag_384.png,8342492,{},1,0,"rect",1715,1631,566,296,"flag","french"
flag_385.png,6038906,{},1,0,"rect",1220,1397,1220,1108,"flag","french"
flag_386.png,10448111,{},1,0,"rect",955,1527,861,855,"flag","french"
flag_387.png,10362995,{},1,0,"rect",784,1892,1285,607,"flag","french"
flag_388.png,10034077,{},1,0,"rect",990,2340,1132,678,"flag","french"
flag_389.png,7742111,{},1,0,"rect",925,1945,872,972,"flag","french"
flag_390.png,8853631,{},1,0,"rect",1043,1733,896,548,"flag","french"
flag_391.png,11398804,{},1,0,"rect",1002,1768,825,1002,"flag","french"
flag_392.png,9647987,{},1,0,"rect",1279,1574,878,1285,"flag","french"
flag_393.png,6967859,{},1,0,"rect",737,1332,872,572,"flag","french"
flag_394.png,9478214,{},1,0,"rect",978,1974,1491,996,"flag","french"
flag_395.png,9529869,{},1,0,"rect",749,1874,1273,896,"flag","french"
flag_396.png,8217708,{},1,0,"rect",1031,2169,1026,413,"flag","french"
flag_397.png,7802968,{},1,0,"rect",501,1686,1916,978,"flag","french"
flag_398.png,5225112,{},1,0,"rect",418,1515,1308,637,"flag","french"
flag_399.png,7541883,{},1,0,"rect",1320,1945,560,731,"flag","french"
flag_400.png,6534854,{},1,0,"rect",937,1963,990,778,"flag","french"
flag_401.png,5829223,{},1,0,"rect",1096,1002,737,613,"flag","french"
flag_402.png,7324751,{},1,0,"rect",825,1073,1244,625,"flag","french"
flag_403.png,4934298,{},1,0,"rect",807,1279,1002,642,"flag","french"
flag_404.png,6243343,{},1,0,"rect",1198,986,1573,880,"flag","french"
flag_405.png,10602723,{},1,0,"rect",946,530,1410,1083,"flag","french"
flag_406.png,9055593,{},5,0,"rect",784,1273,660,660,"flag","french"
flag_406.png,9055593,{},5,1,"rect",1473,1297,660,642,"flag","french"
flag_406.png,9055593,{},5,2,"rect",772,1963,678,660,"flag","french"
flag_406.png,9055593,{},5,3,"rect",1491,1980,637,672,"flag","russian"
flag_406.png,9055593,{},5,4,"rect",754,2635,678,690,"flag","french"
flag_407.png,7661643,{},1,0,"rect",855,1627,861,613,"flag","french"
flag_408.png,7262528,{},1,0,"rect",625,1208,884,737,"flag","french"
flag_409.png,6837594,{},1,0,"rect",925,1674,1167,902,"flag","french"
flag_410.png,6890430,{},1,0,"rect",719,1597,813,1126,"flag","french"
flag_411.png,7168280,{},1,0,"rect",342,1279,855,1391,"flag","french"
flag_412.png,7440968,{},1,0,"rect",477,1473,695,1073,"flag","french"
flag_413.png,7588948,{},1,0,"rect",312,1409,925,1173,"flag","french"
flag_414.png,4866275,{},1,0,"rect",6,1244,1662,1633,"flag",""
flag_415.png,4625545,{},1,0,"rect",495,2045,937,707,"flag","french"
flag_416.png,6589810,{},1,0,"rect",1702,2298,955,424,"flag","french"
flag_417.png,6912433,{},1,0,"rect",1560,1737,844,349,"flag","french"
flag_418.png,5989202,{},1,0,"rect",1282,1304,844,469,"flag",""
flag_419.png,6482989,{},1,0,"rect",383,2417,1815,1049,"flag","russian"
flag_420.png,9207240,{},1,0,"rect",360,2234,1768,1120,"flag","russian"
flag_421.png,7207231,{},1,0,"rect",937,2163,784,595,"flag","russian"
flag_422.png,7829936,{},1,0,"rect",342,3029,1332,572,"flag","russian"
flag_423.png,10843986,{},1,0,"rect",277,2528,1232,713,"flag","russian"
flag_424.png,8061864,{},1,0,"rect",466,24,1851,1079,"flag","russian"
flag_425.png,8695997,{},1,0,"rect",501,3377,1255,613,"flag","russian"
flag_426.png,6793221,{},1,0,"rect",707,2228,1432,713,"flag","russian"
flag_427.png,7721071,{},1,0,"rect",2128,2246,855,660,"flag","russian"
flag_428.png,8368643,{},1,0,"rect",165,2741,1267,1250,"flag","russian"
flag_429.png,6838163,{},1,0,"rect",83,896,2694,2811,"flag","russian"
flag_430.png,7623869,{},1,0,"rect",442,1120,1945,719,"flag","russian"
flag_431.png,7793002,{},1,0,"rect",1037,2281,648,595,"flag","russian"
flag_432.png,10733268,{},1,0,"rect",878,2570,619,383,"flag","swedish"
flag_433.png,7696556,{},1,0,"rect",908,2699,525,301,"flag","swedish"
flag_434.png,8353615,{},1,0,"rect",619,2434,1627,1008,"flag","swedish"
flag_435.png,7257918,{},1,0,"rect",2110,2994,872,925,"flag","swedish"
flag_436.png,13789102,{},1,0,"rect",371,2299,1485,1633,"flag","swedish"
flag_437.png,8063033,{},1,0,"rect",548,2110,1497,1314,"flag","swedish"
flag_438.png,8677072,{},1,0,"rect",1008,2086,955,519,"flag","swedish"
flag_439.png,7624610,{},1,0,"rect",312,1780,1809,1438,"flag","swedish"
flag_440.png,11102644,{},1,0,"rect",141,542,1768,472,"flag","swedish"
flag_441.png,10111875,{},1,0,"rect",796,1255,1179,530,"flag","swedish"
flag_442.png,10727397,{},1,0,"rect",890,2434,1656,749,"flag","swedish"
flag_443.png,11833096,{},1,0,"rect",825,1196,1161,542,"flag","swedish"
flag_444.png,15187122,{},1,0,"rect",1326,1074,698,287,"flag","swedish"
flag_445.png,18047790,{},1,0,"rect",613,1697,572,619,"flag","swedish"
flag_446.png,13600030,{},1,0,"rect",1603,1921,684,271,"flag","swedish"
flag_447.png,8073355,{},1,0,"rect",1945,1087,910,1251,"flag","swedish"
flag_448.png,4849386,{},1,0,"rect",1406,256,698,1109,"flag","swedish"
flag_449.png,8212546,{},1,0,"rect",625,1786,1662,589,"flag","swedish"
flag_450.png,7871865,{},1,0,"rect",1070,1308,2303,698,"flag","swedish"
flag_451.png,9265233,{},1,0,"rect",1350,2155,1495,595,"flag","swedish"
flag_452.png,7662471,{},1,0,"rect",984,1998,1138,466,"flag","swedish"
flag_453.png,7635974,{},1,0,"rect",990,1556,784,371,"flag","swedish"
flag_454.png,9449037,{},1,0,"rect",800,1167,2413,1030,"flag","swedish"
flag_455.png,4891679,{},1,0,"rect",2018,1150,1127,714,"flag","swedish"
flag_456.png,7449172,{},1,0,"rect",1764,1131,1304,729,"flag","swedish"
flag_457.png,7708962,{},1,0,"rect",1596,994,1923,1154,"flag","swedish"
flag_458.png,7483427,{},1,0,"rect",1677,714,936,509,"flag","swedish"
flag_459.png,7334482,{},1,0,"rect",2188,1061,813,393,"flag","swedish"
flag_460.png,9931198,{},1,0,"rect",1635,946,1512,928,"flag","swedish"
flag_461.png,9640916,{},1,0,"rect",1909,1087,1078,632,"flag","swedish"
flag_462.png,9023069,{},1,0,"rect",504,888,2471,1308,"flag","swedish"
flag_463.png,9694260,{},1,0,"rect",2152,1043,1808,1193,"flag","swedish"
flag_464.png,8077476,{},1,0,"rect",751,597,2612,1640,"flag","swedish"
flag_465.png,6953468,{},1,0,"rect",937,491,2780,1693,"flag","swedish"
flag_466.png,8743972,{},1,0,"rect",840,747,2904,1370,"flag","swedish"
flag_467.png,8386580,{},1,0,"rect",924,1357,2338,1299,"flag","swedish"
flag_468.png,8399331,{},1,0,"rect",672,292,2435,1684,"flag","swedish"
flag_469.png,8185815,{},1,0,"rect",289,578,2028,2411,"flag","swedish"
flag_470.png,9375679,{},1,0,"rect",994,243,2051,1211,"flag","swedish"
flag_471.png,9261432,{},1,0,"rect",813,292,2855,1702,"flag","swedish"
flag_472.png,8985568,{},1,0,"rect",888,292,2312,1330,"flag","swedish"
flag_473.png,8103886,{},1,0,"rect",1193,62,1772,1092,"flag","swedish"
flag_474.png,8832754,{},1,0,"rect",968,460,1985,1180,"flag","swedish"
flag_475.png,9646104,{},1,0,"rect",1304,256,1985,1295,"flag","swedish"
flag_476.png,8571267,{},1,0,"rect",1220,13,2011,1706,"flag","swedish"
flag_477.png,7851936,{},1,0,"rect",919,234,2502,1074,"flag","swedish"
flag_478.png,9103948,{},1,0,"rect",773,380,2709,915,"flag","swedish"
flag_479.png,11204958,{},1,0,"rect",1728,667,1839,1211,"flag","swedish"
flag_480.png,8403654,{},1,0,"rect",377,1079,1833,2163,"flag","swedish"
flag_481.png,6049652,{},1,0,"rect",637,1868,1468,1550,"flag","swedish"
flag_482.png,7300684,{},1,0,"rect",1799,1220,840,712,"flag","russian"
flag_483.png,7226620,{},1,0,"rect",1383,1162,871,703,"flag","russian"
flag_484.png,8917836,{},1,0,"rect",1578,1255,769,818,"flag","russian"
flag_485.png,6673464,{},1,0,"rect",1383,791,950,813,"flag","russian"
flag_486.png,8372622,{},1,0,"rect",1481,650,1273,1061,"flag","russian"
flag_487.png,9411597,{},1,0,"rect",1348,919,871,650,"flag","russian"
flag_488.png,6256125,{},1,0,"rect",1604,1361,941,707,"flag","russian"
flag_489.png,7157342,{},1,0,"rect",1618,1883,756,274,"flag","russian"
flag_490.png,7849690,{},1,0,"rect",601,1202,1003,694,"flag","russian"
flag_491.png,5870907,{},1,0,"rect",725,1375,950,597,"flag","russian"
flag_492.png,6886805,{},1,0,"rect",910,1366,919,672,"flag","russian"
flag_493.png,7466143,{},1,0,"rect",743,1693,1017,827,"flag","russian"
flag_494.png,6608670,{},1,0,"rect",959,1512,694,681,"flag","russian"
flag_495.png,7375300,{},1,0,"rect",676,1463,1092,804,"flag","russian"
flag_496.png,7321352,{},1,0,"rect",849,1507,1061,813,"flag","russian"
flag_497.png,564417,{},1,0,"rect",491,310,140,94,"flag","swedish"
flag_498.png,558207,{},1,0,"rect",485,297,133,85,"flag","swedish"
flag_499.png,549376,{},1,0,"rect",458,255,137,97,"flag","swedish"
flag_500.png,563370,{},1,0,"rect",425,255,128,117,"flag","swedish"
flag_501.png,548085,{},1,0,"rect",494,296,135,86,"flag","swedish"
flag_502.png,569431,{},1,0,"rect",439,365,148,99,"flag","swedish"
flag_503.png,539140,{},1,0,"rect",573,420,140,114,"flag","swedish"
flag_504.png,537812,{},1,0,"rect",266,374,134,134,"flag","swedish"
flag_505.png,545327,{},1,0,"rect",366,287,150,108,"flag","swedish"
flag_506.png,564536,{},1,0,"rect",283,407,134,97,"flag","swedish"
flag_507.png,554398,{},1,0,"rect",436,323,152,109,"flag","swedish"
flag_508.png,553145,{},1,0,"rect",407,263,130,121,"flag","swedish"
flag_509.png,542841,{},1,0,"rect",420,330,155,114,"flag","swedish"
flag_510.png,563519,{},1,0,"rect",404,278,149,86,"flag","swedish"
flag_511.png,540535,{},1,0,"rect",378,481,160,152,"flag","swedish"
flag_512.png,556744,{},1,0,"rect",365,398,126,131,"flag","swedish"
flag_513.png,528907,{},1,0,"rect",245,310,149,107,"flag","swedish"
flag_514.png,535475,{},1,0,"rect",165,558,105,112,"flag","swedish"
flag_515.png,550381,{},1,0,"rect",579,596,105,91,"flag","swedish"
flag_516.png,495679,{},1,0,"rect",427,371,144,122,"flag","swedish"
flag_517.png,510347,{},1,0,"rect",488,289,134,128,"flag","swedish"
flag_518.png,475291,{},1,0,"rect",549,252,139,103,"flag","swedish"
flag_519.png,481982,{},1,0,"rect",259,202,212,159,"flag","swedish"
flag_520.png,479095,{},1,0,"rect",348,110,186,144,"flag","swedish"
flag_521.png,490732,{},1,0,"rect",62,238,192,128,"flag","swedish"
flag_522.png,461902,{},1,0,"rect",94,282,187,116,"flag","swedish"
flag_523.png,553372,{},1,0,"rect",360,109,422,292,"flag","swedish"
flag_524.png,572240,{},1,0,"rect",211,192,360,238,"flag","swedish"
flag_525.png,524338,{},1,0,"rect",208,4,378,210,"flag","swedish"
flag_526.png,533957,{},1,0,"rect",275,358,378,236,"flag","swedish"
flag_527.png,466738,{},1,0,"rect",526,427,250,176,"flag","swedish"
flag_528.png,522668,{},1,0,"rect",536,147,247,187,"flag","swedish"
flag_529.png,550325,{},1,0,"rect",52,147,326,211,"flag","swedish"
flag_530.png,493208,{},1,0,"rect",77,463,330,224,"flag","swedish"
flag_531.png,550668,{},1,0,"rect",134,5,313,191,"flag","swedish"
flag_532.png,506543,{},1,0,"rect",834,45,247,205,"flag","swedish"
flag_533.png,461222,{},1,0,"rect",674,521,166,141,"flag","swedish"
flag_534.png,560382,{},1,0,"rect",722,53,284,191,"flag","swedish"
flag_535.png,613993,{},1,0,"rect",216,2,385,217,"flag","swedish"
flag_536.png,621587,{},1,0,"rect",166,18,458,324,"flag","swedish"
flag_537.png,604573,{},1,0,"rect",167,274,455,290,"flag","swedish"
flag_538.png,557966,{},1,0,"rect",705,459,315,219,"flag","swedish"
flag_539.png,558683,{},1,0,"rect",927,472,236,205,"flag","swedish"
flag_540.png,509908,{},1,0,"rect",157,378,335,239,"flag","swedish"
flag_541.png,507395,{},1,0,"rect",96,88,378,264,"flag","swedish"
flag_542.png,551415,{},1,0,"rect",108,22,384,245,"flag","swedish"
flag_543.png,428806,{},1,0,"rect",84,427,206,129,"flag","swedish"
flag_544.png,437004,{},1,0,"rect",380,448,134,90,"flag","swedish"
flag_545.png,460832,{},1,0,"rect",618,520,136,89,"flag","swedish"
flag_546.png,493608,{},1,0,"rect",566,393,133,81,"flag","swedish"
flag_547.png,507456,{},1,0,"rect",379,188,133,115,"flag","swedish"
flag_548.png,471713,{},1,0,"rect",302,205,149,105,"flag","swedish"
flag_549.png,476013,{},1,0,"rect",121,559,179,128,"flag","swedish"
flag_550.png,475452,{},1,0,"rect",120,92,187,139,"flag","swedish"
flag_551.png,485854,{},1,0,"rect",81,17,186,104,"flag","swedish"
flag_552.png,561911,{},1,0,"rect",1137,317,117,107,"flag","swedish"
flag_553.png,548486,{},1,0,"rect",1018,335,110,94,"flag","swedish"
flag_554.png,555271,{},1,0,"rect",841,335,136,84,"flag","swedish"
flag_555.png,536475,{},1,0,"rect",714,340,141,86,"flag","swedish"
flag_556.png,532140,{},1,0,"rect",643,349,141,84,"flag","swedish"
flag_557.png,541864,{},1,0,"rect",513,352,143,85,"flag","swedish"
flag_558.png,526631,{},1,0,"rect",309,326,174,122,"flag","swedish"
flag_559.png,530374,{},1,0,"rect",60,298,198,144,"flag","swedish"
flag_560.png,538261,{},1,0,"rect",696,32,176,130,"flag","swedish"
flag_561.png,520066,{},1,0,"rect",951,549,181,111,"flag","swedish"
flag_562.png,508539,{},1,0,"rect",761,541,216,146,"flag","swedish"
flag_563.png,500009,{},1,0,"rect",543,547,214,142,"flag","swedish"
flag_564.png,497478,{},1,0,"rect",429,539,193,146,"flag","swedish"
flag_565.png,526412,{},1,0,"rect",198,465,251,192,"flag","swedish"
flag_566.png,544095,{},1,0,"rect",143,283,287,201,"flag","swedish"
flag_567.png,588177,{},1,0,"rect",156,95,287,202,"flag","swedish"
flag_568.png,617236,{},1,0,"rect",135,7,236,221,"flag","swedish"
flag_569.png,596248,{},1,0,"rect",495,33,224,148,"flag","swedish"
flag_570.png,482088,{},1,0,"rect",766,251,128,90,"flag","swedish"
flag_571.png,445190,{},1,0,"rect",972,218,148,91,"flag","swedish"
flag_572.png,496412,{},1,0,"rect",658,52,120,126,"flag","swedish"
flag_573.png,486029,{},1,0,"rect",662,296,116,72,"flag","swedish"
flag_574.png,471626,{},1,0,"rect",713,388,121,110,"flag","swedish"
flag_575.png,482167,{},1,0,"rect",822,469,122,85,"flag","swedish"
flag_576.png,487263,{},1,0,"rect",847,557,153,122,"flag","swedish"
flag_577.png,521852,{},1,0,"rect",615,451,108,103,"flag","swedish"
flag_578.png,456299,{},1,0,"rect",952,28,131,109,"flag","swedish"
flag_579.png,501565,{},1,0,"rect",603,50,108,69,"flag","swedish"
flag_580.png,469624,{},1,0,"rect",167,238,168,117,"flag","swedish"
flag_581.png,463119,{},1,0,"rect",117,329,175,136,"flag","swedish"
flag_582.png,454461,{},1,0,"rect",69,477,191,126,"flag","swedish"
flag_583.png,459794,{},1,0,"rect",94,346,163,117,"flag","swedish"
flag_584.png,460941,{},1,0,"rect",332,156,121,104,"flag","swedish"
flag_585.png,673492,{},1,0,"rect",430,212,399,277,"flag","russian"
flag_586.png,576493,{},1,0,"rect",1017,375,167,105,"flag","russian"
flag_587.png,778345,{},1,0,"rect",471,45,455,323,"flag","russian"
flag_588.png,655490,{},1,0,"rect",635,355,175,108,"flag","russian"
flag_589.png,709368,{},1,0,"rect",681,75,297,206,"flag","russian"
flag_590.png,682529,{},1,0,"rect",489,24,324,244,"flag","russian"
flag_591.png,655485,{},1,0,"rect",616,30,231,161,"flag","russian"
flag_592.png,740574,{},1,0,"rect",721,98,162,123,"flag","russian"
flag_593.png,687060,{},1,0,"rect",903,31,163,117,"flag","russian"
flag_594.png,668464,{},1,0,"rect",954,218,123,82,"flag","russian"
flag_595.png,662698,{},1,0,"rect",84,36,225,135,"flag","russian"
flag_596.png,651360,{},1,0,"rect",83,112,231,148,"flag","russian"
flag_597.png,620600,{},1,0,"rect",58,330,225,147,"flag","russian"
flag_598.png,627700,{},1,0,"rect",62,224,232,171,"flag","russian"
flag_599.png,609643,{},1,0,"rect",54,422,217,160,"flag","russian"
flag_600.png,595615,{},1,0,"rect",47,525,243,153,"flag","russian"
flag_601.png,603886,{},1,0,"rect",257,527,193,155,"flag","russian"
flag_602.png,590367,{},1,0,"rect",426,507,163,157,"flag","russian"
flag_603.png,612024,{},1,0,"rect",575,525,124,147,"flag","russian"
flag_604.png,601116,{},1,0,"rect",694,567,146,117,"flag","russian"
flag_605.png,595742,{},1,0,"rect",774,584,117,107,"flag","russian"
flag_606.png,586954,{},1,0,"rect",654,374,131,111,"flag","russian"
flag_607.png,573491,{},1,0,"rect",588,238,121,121,"flag","russian"
flag_608.png,624382,{},1,0,"rect",456,40,131,128,"flag","russian"
flag_609.png,639786,{},1,0,"rect",350,81,163,127,"flag","russian"
flag_610.png,608753,{},1,0,"rect",311,204,179,144,"flag","russian"
flag_611.png,614246,{},1,0,"rect",231,361,181,169,"flag","russian"
flag_612.png,610131,{},1,0,"rect",270,277,176,160,"flag","russian"
flag_613.png,608650,{},1,0,"rect",199,414,192,171,"flag","russian"
flag_614.png,612596,{},1,0,"rect",139,506,213,160,"flag","russian"
flag_615.png,573593,{},1,0,"rect",1078,28,127,97,"flag","russian"
flag_616.png,567691,{},1,0,"rect",1115,147,109,103,"flag","russian"
flag_617.png,603353,{},1,0,"rect",997,205,118,109,"flag","russian"
flag_618.png,617004,{},1,0,"rect",1015,374,134,102,"flag","russian"
flag_619.png,590323,{},1,0,"rect",1100,508,135,117,"flag","russian"
flag_620.png,583321,{},1,0,"rect",870,446,135,108,"flag","russian"
flag_621.png,603039,{},1,0,"rect",876,316,136,121,"flag","russian"
flag_622.png,598686,{},1,0,"rect",871,212,143,121,"flag","russian"
flag_623.png,565801,{},1,0,"rect",947,99,115,84,"flag","russian"
flag_624.png,569765,{},1,0,"rect",837,75,110,96,"flag","russian"
flag_625.png,588756,{},1,0,"rect",773,168,117,103,"flag","russian"
flag_626.png,579767,{},1,0,"rect",776,296,142,98,"flag","russian"
flag_627.png,590850,{},1,0,"rect",818,413,168,109,"flag","russian"
flag_628.png,594040,{},1,0,"rect",791,497,178,128,"flag","russian"
flag_629.png,626518,{},1,0,"rect",631,499,178,139,"flag","russian"
flag_630.png,567147,{},1,0,"rect",654,266,180,136,"flag","russian"
flag_631.png,562136,{},1,0,"rect",708,82,175,123,"flag","russian"
flag_632.png,600803,{},1,0,"rect",651,81,128,109,"flag","russian"
flag_633.png,606135,{},1,0,"rect",588,189,134,96,"flag","russian"
flag_634.png,606428,{},1,0,"rect",577,294,143,118,"flag","russian"
flag_635.png,603776,{},1,0,"rect",522,500,161,114,"flag","russian"
flag_636.png,620412,{},1,0,"rect",369,449,165,127,"flag","russian"
flag_637.png,630783,{},1,0,"rect",214,237,163,136,"flag","russian"
flag_638.png,633282,{},1,0,"rect",257,22,148,117,"flag","russian"
flag_639.png,614984,{},1,0,"rect",36,221,179,146,"flag","russian"
flag_640.png,613730,{},1,0,"rect",58,499,182,127,"flag","russian"
flag_641.png,636769,{},1,0,"rect",108,67,180,142,"flag","russian"
flag_642.png,591821,{},1,0,"rect",642,223,94,81,"flag","russian"
flag_643.png,634393,{},1,0,"rect",315,559,156,115,"flag","russian"
flag_644.png,685536,{},1,0,"rect",82,488,210,150,"flag","russian"
flag_645.png,637150,{},1,0,"rect",121,231,204,165,"flag","russian"
flag_646.png,599378,{},1,0,"rect",952,342,139,97,"flag","russian"
flag_647.png,561152,{},1,0,"rect",831,189,124,85,"flag","russian"
flag_648.png,569916,{},1,0,"rect",705,300,86,94,"flag","russian"
flag_649.png,583496,{},1,0,"rect",705,461,134,155,"flag","russian"
flag_650.png,588781,{},1,0,"rect",972,472,144,136,"flag","russian"
flag_651.png,646362,{},1,0,"rect",285,446,193,162,"flag","russian"
flag_652.png,623918,{},1,0,"rect",508,237,173,121,"flag","russian"
flag_653.png,620416,{},1,0,"rect",102,4,328,208,"flag","spanish"
flag_654.png,613131,{},1,0,"rect",58,150,333,208,"flag","spanish"
flag_655.png,572941,{},1,0,"rect",60,291,330,220,"flag","spanish"
flag_656.png,559281,{},1,0,"rect",51,512,305,162,"flag","spanish"
flag_657.png,555466,{},1,0,"rect",340,551,231,135,"flag","spanish"
flag_658.png,599496,{},1,0,"rect",542,551,182,136,"flag","spanish"
flag_659.png,585099,{},1,0,"rect",616,560,198,118,"flag","spanish"
flag_660.png,629637,{},1,0,"rect",670,575,169,111,"flag","spanish"
flag_661.png,629616,{},1,0,"rect",745,583,150,105,"flag","spanish"
flag_662.png,618397,{},1,0,"rect",879,616,163,71,"flag","spanish"
flag_663.png,614480,{},1,0,"rect",963,612,157,77,"flag","spanish"
flag_664.png,638546,{},1,0,"rect",978,515,153,97,"flag","spanish"
flag_665.png,642943,{},1,0,"rect",982,426,152,102,"flag","spanish"
flag_666.png,668243,{},1,0,"rect",978,328,159,105,"flag","spanish"
flag_667.png,665515,{},1,0,"rect",934,234,159,91,"flag","spanish"
flag_668.png,636508,{},1,0,"rect",912,69,152,85,"flag","spanish"
flag_669.png,580905,{},1,0,"rect",687,592,143,96,"flag","spanish"
flag_670.png,625837,{},1,0,"rect",680,411,160,120,"flag","spanish"
flag_671.png,594958,{},1,0,"rect",696,504,150,107,"flag","spanish"
flag_672.png,627101,{},1,0,"rect",687,365,159,97,"flag","spanish"
flag_673.png,631411,{},1,0,"rect",694,310,156,94,"flag","spanish"
flag_674.png,630257,{},1,0,"rect",674,266,159,97,"flag","spanish"
flag_675.png,640709,{},1,0,"rect",668,213,159,90,"flag","spanish"
flag_676.png,640460,{},1,0,"rect",687,123,136,124,"flag","spanish"
flag_677.png,643139,{},1,0,"rect",633,41,142,109,"flag","spanish"
flag_678.png,569663,{},1,0,"rect",472,7,173,116,"flag","spanish"
flag_679.png,589199,{},1,0,"rect",371,114,206,156,"flag","spanish"
flag_680.png,586256,{},1,0,"rect",339,237,182,135,"flag","spanish"
flag_681.png,585204,{},1,0,"rect",364,316,216,155,"flag","spanish"
flag_682.png,575333,{},1,0,"rect",316,365,224,178,"flag","spanish"
flag_683.png,557619,{},1,0,"rect",270,483,232,181,"flag","spanish"
flag_684.png,553709,{},1,0,"rect",212,559,240,159,"flag","spanish"
flag_685.png,552346,{},1,0,"rect",65,512,316,200,"flag","spanish"
flag_686.png,581140,{},1,0,"rect",103,382,287,194,"flag","spanish"
flag_687.png,584628,{},1,0,"rect",110,252,294,205,"flag","spanish"
flag_688.png,598002,{},1,0,"rect",108,172,296,221,"flag","spanish"
flag_689.png,617482,{},1,0,"rect",81,2,322,201,"flag","spanish"
flag_690.png,606520,{},1,0,"rect",73,88,305,198,"flag","spanish"
flag_691.png,612705,{},1,0,"rect",134,186,279,188,"flag","spanish"
flag_692.png,572764,{},1,0,"rect",765,450,89,62,"flag","spanish"
flag_693.png,558220,{},1,0,"rect",778,277,86,58,"flag","spanish"
flag_694.png,563856,{},1,0,"rect",770,361,90,58,"flag","spanish"
flag_695.png,575839,{},1,0,"rect",785,191,86,63,"flag","spanish"
flag_696.png,566001,{},1,0,"rect",796,116,90,72,"flag","spanish"
flag_697.png,554107,{},1,0,"rect",778,41,91,70,"flag","spanish"
flag_698.png,560339,{},1,0,"rect",1006,243,109,72,"flag","spanish"
flag_699.png,564009,{},1,0,"rect",1009,452,117,77,"flag","spanish"
flag_700.png,552946,{},1,0,"rect",1020,590,131,86,"flag","spanish"
flag_701.png,596337,{},1,0,"rect",674,559,143,97,"flag","spanish"
flag_702.png,595494,{},1,0,"rect",560,504,135,120,"flag","spanish"
flag_703.png,632042,{},1,0,"rect",395,566,152,116,"flag","spanish"
flag_704.png,605432,{},1,0,"rect",223,560,176,126,"flag","spanish"
flag_705.png,611534,{},1,0,"rect",30,541,214,140,"flag","spanish"
flag_706.png,632678,{},1,0,"rect",64,391,208,147,"flag","spanish"
flag_707.png,622994,{},1,0,"rect",104,206,193,144,"flag","spanish"
flag_708.png,616843,{},1,0,"rect",98,150,187,133,"flag","spanish"
flag_709.png,611504,{},1,0,"rect",184,179,185,130,"flag","spanish"
flag_710.png,619259,{},1,0,"rect",327,72,174,128,"flag","spanish"
flag_711.png,600029,{},1,0,"rect",625,391,104,75,"flag","spanish"
flag_712.png,581710,{},1,0,"rect",482,137,156,111,"flag","spanish"
flag_713.png,562273,{},1,0,"rect",765,123,181,126,"flag","spanish"
flag_714.png,628191,{},1,0,"rect",292,162,197,154,"flag","spanish"
flag_715.png,683877,{},1,0,"rect",156,53,461,310,"flag","spanish"
flag_716.png,714290,{},1,0,"rect",149,294,471,307,"flag","spanish"
flag_717.png,705131,{},1,0,"rect",168,420,454,266,"flag","spanish"
flag_718.png,696210,{},1,0,"rect",548,348,454,297,"flag","spanish"
flag_719.png,686676,{},1,0,"rect",824,401,416,282,"flag","spanish"
flag_720.png,645848,{},1,0,"rect",873,39,404,265,"flag","spanish"
flag_721.png,687898,{},1,0,"rect",433,37,367,238,"flag","spanish"
flag_722.png,690276,{},1,0,"rect",91,67,288,258,"flag","spanish"
flag_723.png,654691,{},1,0,"rect",41,56,322,274,"flag","spanish"
flag_724.png,703315,{},1,0,"rect",130,210,577,404,"flag","spanish"
flag_725.png,675257,{},1,0,"rect",150,77,844,547,"flag","spanish"
flag_726.png,662103,{},1,0,"rect",714,17,564,387,"flag","russian"
flag_727.png,547951,{},1,0,"rect",521,65,553,353,"flag","russian"
flag_728.png,606231,{},1,0,"rect",384,36,532,368,"flag","russian"
flag_729.png,593983,{},1,0,"rect",246,62,471,346,"flag","russian"
flag_730.png,552635,{},1,0,"rect",97,7,596,391,"flag","russian"
flag_731.png,799160,{},1,0,"rect",4,18,515,378,"flag","russian"
flag_732.png,750736,{},1,0,"rect",774,330,493,317,"flag","russian"
flag_733.png,597961,{},1,0,"rect",566,320,560,347,"flag","russian"
flag_734.png,631010,{},1,0,"rect",387,329,564,341,"flag","russian"
flag_735.png,541238,{},1,0,"rect",240,285,570,382,"flag","russian"
flag_736.png,536475,{},1,0,"rect",115,279,577,401,"flag","russian"
flag_737.png,591702,{},1,0,"rect",4,287,553,404,"flag","russian"
flag_738.png,725365,{},1,0,"rect",7,4,552,430,"flag","russian"
flag_739.png,602572,{},1,0,"rect",236,130,594,424,"flag","russian"
flag_740.png,611382,{},1,0,"rect",673,343,594,346,"flag","russian"
flag_741.png,553423,{},1,0,"rect",239,52,823,586,"flag","russian"
flag_742.png,664289,{},1,0,"rect",236,117,770,476,"flag","russian"
flag_743.png,713236,{},1,0,"rect",514,212,369,271,"flag","russian"
flag_744.png,558758,{},1,0,"rect",618,258,189,129,"flag","russian"
flag_745.png,583390,{},1,0,"rect",690,352,114,88,"flag","russian"
flag_746.png,672891,{},1,0,"rect",755,426,95,76,"flag","russian"
flag_747.png,696297,{},1,0,"rect",774,13,502,316,"flag","swedish"
flag_748.png,732881,{},1,0,"rect",476,59,472,297,"flag","swedish"
flag_749.png,698480,{},1,0,"rect",599,45,482,302,"flag","swedish"
flag_750.png,751383,{},1,0,"rect",336,32,468,314,"flag","swedish"
flag_751.png,712992,{},1,0,"rect",140,14,414,289,"flag","swedish"
flag_752.png,703564,{},1,0,"rect",20,156,497,305,"flag","swedish"
flag_753.png,742493,{},1,0,"rect",60,300,558,339,"flag","swedish"
flag_754.png,682094,{},1,0,"rect",75,322,574,360,"flag","swedish"
flag_755.png,628917,{},1,0,"rect",374,362,565,324,"flag","swedish"
flag_756.png,594968,{},1,0,"rect",610,361,613,323,"flag","swedish"
flag_757.png,698889,{},1,0,"rect",660,360,617,327,"flag","swedish"
flag_758.png,633460,{},1,0,"rect",540,153,594,378,"flag","swedish"
flag_759.png,571601,{},1,0,"rect",231,150,577,378,"flag","swedish"
flag_760.png,567980,{},1,0,"rect",237,92,809,475,"flag","swedish"
flag_761.png,693337,{},1,0,"rect",446,32,795,592,"flag","swedish"
flag_762.png,602114,{},1,0,"rect",70,78,645,469,"flag","swedish"
flag_763.png,669790,{},1,0,"rect",603,297,116,85,"flag","swedish"
flag_764.png,648218,{},1,0,"rect",651,394,124,88,"flag","swedish"
flag_765.png,608030,{},1,0,"rect",684,281,112,70,"flag","swedish"
"map_1.png",1587888,{},1,0,"rect",0,6,923,1289,"map","notapplicable"
"map_2.png",1589782,{},1,0,"rect",6,4,921,1287,"map","notapplicable"
"map_3.png",3313289,{},1,0,"rect",20,5,1465,1678,"map","notapplicable"
"map_4.png",572726,{},2,0,"rect",242,330,426,284,"map","notapplicable"
"map_4.png",572726,{},2,1,"rect",280,38,223,279,"person","notapplicable"
"map_5.png",740726,{},2,0,"rect",120,299,454,351,"map","notapplicable"
"map_5.png",740726,{},2,1,"rect",105,6,245,266,"person","notapplicable"
"map_6.png",579837,{},2,0,"rect",159,295,426,301,"map","notapplicable"
"map_6.png",579837,{},2,1,"rect",222,15,205,207,"person","notapplicable"
"map_7.png",638736,{},1,0,"rect",51,99,886,565,"map","notapplicable"
"map_8.png",915067,{},2,0,"rect",229,326,719,527,"map","notapplicable"
"map_8.png",915067,{},2,1,"rect",445,189,177,137,"person","notapplicable"
"map_9.png",80252,{},2,0,"rect",115,130,166,120,"map","notapplicable"
"map_9.png",80252,{},2,1,"rect",235,6,56,88,"person","notapplicable"
"map_10.png",1062738,{},1,0,"rect",336,8,1059,904,"map","notapplicable"
"map_11.png",1468932,{},2,0,"rect",209,470,407,483,"map","notapplicable"
"map_11.png",1468932,{},2,1,"rect",255,111,260,382,"person","notapplicable"
"map_12.png",175941,{},1,0,"rect",200,24,253,276,"map","notapplicable"
"map_13.png",2625696,{},1,0,"rect",2124,330,1510,2003,"map","notapplicable"
"map_14.png",292954,{},1,0,"rect",305,48,246,316,"map","notapplicable"
"map_15.png",1543847,{},1,0,"rect",568,231,586,520,"map","notapplicable"
"map_16.png",439730,{},1,0,"rect",310,2,544,494,"map","notapplicable"
"map_17.png",245426,{},1,0,"rect",74,113,297,187,"map","notapplicable"
"map_18.png",142393,{},1,0,"rect",32,11,361,250,"map","notapplicable"
"map_19.png",172003,{},1,0,"rect",31,42,286,229,"map","notapplicable"
"map_20.png",625734,{},1,0,"rect",44,11,912,420,"map","notapplicable"
"map_21.png",646630,{},1,0,"rect",527,148,249,391,"map","notapplicable"
"map_22.png",1256735,{},1,0,"rect",395,251,362,394,"map","notapplicable"
"map_23.png",751850,{},1,0,"rect",481,197,277,498,"map","notapplicable"
"map_24.png",554930,{},1,0,"rect",180,13,339,447,"map","notapplicable"
"map_25.png",115007,{},1,0,"rect",224,35,110,190,"map","notapplicable"
"map_26.png",89788,{},1,0,"rect",40,162,275,442,"map","notapplicable"
"map_27.png",1099660,{},3,0,"rect",325,168,422,458,"map","notapplicable"
"map_27.png",1099660,{},3,1,"rect",695,356,210,221,"person","notapplicable"
"map_27.png",1099660,{},3,2,"rect",161,418,151,235,"person","notapplicable"
"map_28.png",522676,{},2,0,"rect",156,99,113,195,"person","notapplicable"
"map_28.png",522676,{},2,1,"rect",307,177,269,288,"map","notapplicable"
"map_29.png",283034,{},1,0,"rect",65,36,491,335,"map","notapplicable"
"map_30.png",1635346,{},2,0,"rect",156,555,890,512,"map","notapplicable"
"map_30.png",1635346,{},2,1,"rect",656,24,296,340,"person","notapplicable"
"map_31.png",459882,{},1,0,"rect",85,147,374,344,"map","notapplicable"
"map_32.png",1978595,{},1,0,"rect",136,145,1238,911,"map","notapplicable"
"map_33.png",2392351,{},1,0,"rect",543,2,686,895,"map","notapplicable"
"map_34.png",507713,{},1,0,"rect",228,4,312,224,"map","notapplicable"
"map_35.png",109357,{},1,0,"rect",52,13,182,208,"map","notapplicable"
"map_36.png",1607566,{},1,0,"rect",666,110,662,909,"map","notapplicable"
"map_37.png",317026,{},2,0,"rect",81,179,97,140,"map","notapplicable"
"map_37.png",317026,{},2,1,"rect",193,87,349,279,"map","notapplicable"
"map_38.png",60752,{},1,0,"rect",93,95,182,232,"map","notapplicable"
"map_39.png",1229038,{},2,0,"rect",290,320,545,471,"map","notapplicable"
"map_39.png",1229038,{},2,1,"rect",714,11,1186,957,"map","notapplicable"
"map_40.png",68252,{},1,0,"rect",70,66,213,136,"map","notapplicable"
"map_41.png",1098464,{},1,0,"rect",199,97,731,567,"map","notapplicable"
"map_42.png",1681839,{},1,0,"rect",204,50,810,707,"map","notapplicable"
"map_43.png",88256,{},1,0,"rect",71,44,242,137,"map","notapplicable"
"map_44.png",10417882,{},1,0,"rect",690,559,1729,1025,"map","notapplicable"
"map_45.png",138748,{},1,0,"rect",11,10,353,183,"map","notapplicable"
"map_46.png",250391,{},1,0,"rect",288,4,272,317,"map","notapplicable"
"map_47.png",54201,{},2,0,"rect",77,116,70,41,"map","notapplicable"
"map_47.png",54201,{},2,1,"rect",93,64,23,36,"person","notapplicable"
"map_48.png",1053197,{},2,0,"rect",131,141,586,439,"map","notapplicable"
"map_48.png",1053197,{},2,1,"rect",732,121,236,276,"person","notapplicable"
"map_49.png",1407985,{},1,0,"rect",115,114,1159,589,"map","notapplicable"
"map_50.png",636357,{},1,0,"rect",201,407,542,352,"map","notapplicable"
"map_51.png",801985,{},2,0,"rect",372,159,415,587,"map","notapplicable"
"map_51.png",801985,{},2,1,"rect",200,277,175,231,"person","notapplicable"
"map_53.png",647407,{},1,0,"rect",171,48,420,463,"map","notapplicable"
"map_54.png",542213,{},1,0,"rect",63,64,660,401,"map","notapplicable"
"map_55.png",444770,{},1,0,"rect",161,195,293,282,"map","notapplicable"
"map_56.png",969470,{},1,0,"rect",308,0,494,577,"map","notapplicable"
"map_57.png",521609,{},1,0,"rect",399,133,397,285,"map","notapplicable"
"map_58.png",5885365,{},1,0,"rect",412,15,2584,1983,"map","notapplicable"
"map_59.png",12095928,{},1,0,"rect",24,2020,2982,1996,"map","notapplicable"
"map_60.png",364057,{},1,0,"rect",163,225,172,291,"map","notapplicable"
"map_61.png",1630709,{},1,0,"rect",199,297,676,814,"map","notapplicable"
"map_62.png",953169,{},1,0,"rect",221,22,684,708,"map","notapplicable"
"map_63.png",956867,{},1,0,"rect",923,113,281,437,"map","notapplicable"
"map_64.png",741664,{},1,0,"rect",415,112,252,356,"map","notapplicable"
"map_65.png",662948,{},1,0,"rect",406,328,369,215,"map","notapplicable"
"map_66.png",89841,{},1,0,"rect",71,10,161,175,"map","notapplicable"
"map_67.png",670011,{},1,0,"rect",351,6,786,625,"map","notapplicable"
"map_68.png",151501,{},1,0,"rect",131,130,136,103,"map","notapplicable"
"map_69.png",1857588,{},1,0,"rect",283,255,840,475,"map","notapplicable"
"map_70.png",1705703,{},2,0,"rect",201,467,710,510,"map","notapplicable"
"map_70.png",1705703,{},2,1,"rect",256,51,222,326,"person","notapplicable"
"map_72.png",917072,{},1,0,"rect",28,70,599,468,"map","notapplicable"
"map_73.png",1198492,{},4,0,"rect",11,66,335,255,"map","notapplicable"
"map_73.png",1198492,{},4,1,"rect",385,61,328,272,"map","notapplicable"
"map_73.png",1198492,{},4,2,"rect",23,416,326,260,"map","notapplicable"
"map_73.png",1198492,{},4,3,"rect",383,417,338,264,"map","notapplicable"
"map_74.png",661828,{},1,0,"rect",414,102,556,456,"map","notapplicable"
"map_75.png",942634,{},1,0,"rect",83,166,560,438,"map","notapplicable"
"map_76.png",231465,{},1,0,"rect",115,52,421,271,"map","notapplicable"
"map_77.png",371183,{},1,0,"rect",86,63,400,322,"map","notapplicable"
"map_78.png",1320139,{},1,0,"rect",324,146,359,614,"map","notapplicable"
"map_79.png",2489201,{},1,0,"rect",343,272,1002,803,"map","notapplicable"
"map_80.png",391361,{},1,0,"rect",410,83,447,430,"map","notapplicable"
"map_81.png",1170565,{},1,0,"rect",631,141,404,624,"map","notapplicable"
"map_82.png",362159,{},1,0,"rect",184,54,325,247,"map","notapplicable"
"map_83.png",464397,{},1,0,"rect",15,151,745,551,"map","notapplicable"
"map_84.png",333464,{},1,0,"rect",124,49,390,278,"map","notapplicable"